 Country,2000,2001,2002,2003,2004,2005,2006,2007,2008,2009,2010,2011,2012,2013,2014,2015
Afghanistan,,"2,461,665,937.90","4,128,820,723.00","4,583,644,246.50","5,285,465,685.90","6,275,073,571.50","7,057,598,406.60","9,843,842,455.50","10,190,529,882.50","12,486,943,505.70","15,936,800,636.20","17,930,239,399.80","20,536,542,736.70","20,046,334,304.00","20,050,189,881.70","19,702,986,340.50"
Albania,"3,632,043,908.00","4,060,758,804.10","4,435,078,647.70","5,746,945,912.60","7,314,865,175.60","8,158,548,716.70","8,992,642,348.80","10,701,011,896.80","12,881,352,687.80","12,044,212,903.80","11,926,953,258.90","12,890,867,538.50","12,319,784,787.30","12,781,029,643.60","13,219,857,459.10","11,390,365,293.80"
Algeria,"54,790,245,600.60","54,744,714,396.20","56,760,288,973.70","67,863,829,880.50","85,324,998,813.60","103,198,228,458.60","117,027,304,746.50","134,977,087,734.00","171,000,691,877.70","137,211,039,898.20","161,207,268,655.40","200,013,051,408.10","209,047,389,309.50","209,783,503,258.20","213,983,107,815.90","164,779,467,703.30"
American Samoa,,,"514,000,000.00","527,000,000.00","512,000,000.00","503,000,000.00","496,000,000.00","520,000,000.00","563,000,000.00","678,000,000.00","576,000,000.00","574,000,000.00","644,000,000.00","639,000,000.00","638,000,000.00","641,000,000.00"
Andorra,"1,401,695,227.60","1,484,017,897.10","1,717,485,413.10","2,373,927,765.20","2,916,786,689.80","3,248,215,396.10","3,536,632,793.90","4,010,990,966.30","4,001,201,113.20","3,650,083,356.50","3,346,516,556.30","3,427,022,518.80","3,146,151,869.50","3,248,924,588.40",,
Angola,"9,129,594,818.60","8,936,063,723.20","12,497,346,669.70","14,188,949,190.60","19,640,848,728.90","28,233,712,830.90","41,789,478,661.30","60,448,921,272.20","84,178,032,716.10","75,492,384,801.40","82,470,913,120.70","104,115,923,082.70","115,398,371,427.70","124,912,063,308.20","126,776,874,216.70","102,962,245,246.70"
Antigua and Barbuda,"825,405,518.50","795,976,518.50","809,754,481.50","850,218,592.60","913,710,370.40","1,014,979,666.70","1,149,025,481.50","1,302,388,925.90","1,359,733,555.60","1,217,719,666.70","1,147,942,222.20","1,141,865,444.40","1,216,045,777.80","1,195,885,111.10","1,274,330,333.30","1,355,645,888.90"
Argentina,"284,203,750,000.00","268,696,750,000.00","97,724,004,251.90","127,586,973,492.20","164,657,930,452.80","198,737,095,012.30","232,557,260,817.30","287,530,508,430.60","361,558,037,110.40","332,976,484,577.60","423,627,422,092.50","530,163,281,574.70","545,982,375,701.10","552,025,140,252.20","526,319,673,731.60","584,711,485,367.30"
Armenia,"1,911,563,665.40","2,118,467,913.40","2,376,335,048.40","2,807,061,008.70","3,576,615,240.40","4,900,469,515.10","6,384,451,606.10","9,206,301,700.40","11,662,040,713.90","8,647,936,748.00","9,260,284,937.80","10,142,111,334.50","10,619,320,048.60","11,121,465,767.40","11,609,512,939.80","10,529,182,498.30"
Aruba,"1,873,452,514.00","1,920,262,569.80","1,941,094,972.10","2,021,301,676.00","2,228,279,329.60","2,331,005,586.60","2,421,474,860.30","2,623,726,257.00","2,791,960,893.90","2,498,932,960.90","2,467,703,910.60","2,584,463,687.20",,,,
Australia,"415,446,209,885.10","378,899,860,470.10","394,635,830,891.60","466,853,232,382.10","613,329,776,639.60","693,764,095,624.70","747,572,626,534.90","853,764,622,752.60","1,055,334,825,425.30","927,168,310,999.90","1,142,876,772,659.20","1,390,557,034,408.00","1,538,194,473,087.20","1,567,178,619,062.30","1,459,597,906,912.70","1,345,383,143,356.40"
Austria,"196,421,706,283.40","196,953,628,635.30","212,970,685,112.00","260,721,478,555.30","299,857,238,639.20","314,648,986,444.50","334,309,371,471.60","386,458,951,546.70","427,611,527,757.40","397,594,276,187.80","390,211,866,490.30","429,037,361,514.40","407,451,583,084.20","428,248,420,485.20","438,376,178,526.30","376,967,406,148.00"
Azerbaijan,"5,272,617,196.00","5,707,720,390.90","6,235,795,103.90","7,276,013,032.00","8,680,472,168.50","13,245,716,099.00","20,983,019,923.90","33,050,343,782.80","48,852,482,960.10","44,291,490,420.50","52,902,703,376.10","65,951,627,200.20","69,684,317,718.90","74,164,435,946.50","75,244,166,772.90","53,074,370,486.00"
"Bahamas, The","6,327,552,000.00","6,516,651,000.00","6,957,996,000.00","6,949,317,000.00","7,094,413,000.00","7,706,222,000.00","7,965,588,000.00","8,318,996,000.00","8,247,000,000.00","7,820,000,000.00","7,910,000,000.00","7,890,000,000.00","8,399,000,000.00","8,522,000,000.00","8,618,000,000.00","8,854,000,000.00"
Bahrain,"9,062,906,914.90","8,976,207,712.80","9,632,155,053.20","11,074,822,074.50","13,150,166,755.30","15,968,726,861.70","18,505,053,191.50","21,730,000,000.00","25,710,877,659.60","22,938,218,085.10","25,713,271,276.60","29,157,446,808.50","30,749,308,510.60","32,898,670,212.80","33,387,712,766.00","31,125,851,063.80"
Bangladesh,"53,369,787,318.60","53,991,289,844.30","54,724,081,490.50","60,158,929,188.30","65,108,544,250.00","69,442,943,089.40","71,819,083,683.70","79,611,888,213.10","91,631,278,239.30","102,477,791,472.40","115,279,077,465.20","128,637,938,711.40","133,355,749,482.50","149,990,451,022.30","172,885,454,931.50","195,078,561,219.30"
Barbados,"3,121,619,808.00","3,116,632,413.00","3,169,612,598.30","3,274,856,571.20","3,514,370,691.30","3,897,467,233.90","4,303,275,572.40","4,546,115,388.40","4,595,264,650.00","4,601,250,000.00","4,446,800,000.00","4,358,900,000.00","4,332,150,000.00","4,371,200,000.00","4,352,700,000.00","4,421,800,000.00"
Belarus,"12,736,856,828.00","12,354,820,143.90","14,594,925,393.00","17,825,436,034.50","23,141,587,717.80","30,210,091,836.80","36,961,821,893.70","45,275,747,860.60","60,752,177,438.90","49,208,656,976.00","57,231,904,542.90","61,762,341,356.90","65,685,903,833.10","75,527,537,703.20","78,813,049,849.60","56,454,775,871.00"
Belgium,"237,904,919,845.20","237,841,610,738.30","258,860,342,556.00","319,003,386,004.50","370,885,274,397.80","387,365,999,253.80","409,813,072,387.40","471,821,790,309.30","518,626,043,650.20","484,552,653,514.90","483,548,693,409.30","527,008,036,846.80","497,884,088,082.70","520,117,140,495.10","531,750,903,174.70","454,991,318,727.90"
Belize,"832,072,450.00","871,860,600.00","932,551,850.00","990,374,050.00","1,057,845,500.00","1,114,222,550.00","1,217,467,600.00","1,290,573,400.00","1,368,625,150.00","1,336,957,250.00","1,397,113,450.00","1,486,712,300.00","1,573,618,750.00","1,613,705,850.00","1,706,497,950.00","1,742,545,900.00"
Benin,"2,569,186,642.90","2,680,213,931.50","3,054,571,081.70","3,905,366,187.90","4,521,424,807.20","4,803,702,821.10","5,142,380,779.40","5,969,535,131.60","7,132,787,396.70","7,097,198,711.60","6,970,240,895.50","7,814,081,155.60","8,152,554,487.30","9,156,748,441.40","9,707,432,015.60","8,290,986,804.50"
Bermuda,"3,480,219,000.00","3,680,483,000.00","3,937,228,000.00","4,186,525,000.00","4,484,703,000.00","4,868,136,000.00","5,414,299,000.00","5,895,048,000.00","6,109,928,000.00","5,806,378,000.00","5,744,414,000.00","5,550,771,000.00","5,537,537,000.00","5,573,710,000.00",,
Bhutan,"439,158,233.20","476,360,697.20","537,050,133.70","622,026,107.80","702,682,019.00","818,869,145.10","897,731,524.90","1,196,091,805.00","1,258,332,337.30","1,264,758,198.00","1,585,472,534.10","1,820,207,625.80","1,823,692,109.60","1,798,333,725.80","1,958,819,915.00","2,057,947,621.20"
Bolivia,"8,397,912,509.10","8,141,537,937.60","7,905,485,216.20","8,082,364,868.40","8,773,451,738.90","9,549,077,869.10","11,451,869,164.70","13,120,159,975.50","16,674,324,634.20","17,339,992,165.20","19,649,631,308.20","23,963,033,443.90","27,084,497,539.80","30,659,338,929.10","32,996,187,988.40","33,000,198,263.40"
Bosnia and Herzegovina,"5,505,984,456.00","5,748,990,666.20","6,651,226,179.00","8,370,020,196.20","10,022,840,634.90","11,225,138,297.20","12,866,524,918.20","15,776,422,673.20","19,101,454,463.80","17,600,630,726.60","17,164,279,813.10","18,629,346,790.80","17,207,367,625.80","18,154,290,272.20","18,521,475,376.50","16,173,806,634.50"
Botswana,"5,788,329,609.20","5,489,608,299.70","5,438,857,106.70","7,511,582,173.40","8,957,467,706.50","9,931,134,940.50","10,126,940,513.30","10,939,053,367.20","10,945,070,441.90","10,267,133,177.70","12,786,654,365.90","15,682,926,890.00","14,686,278,713.50","14,915,780,533.10","16,259,445,049.80","14,430,608,463.40"
Brazil,"655,421,153,320.60","559,372,502,338.20","507,962,741,819.90","558,320,116,997.10","669,316,239,316.20","891,629,970,423.90","1,107,640,325,472.40","1,397,084,381,901.30","1,695,824,517,395.60","1,667,019,605,881.80","2,208,871,646,202.80","2,616,201,578,192.30","2,465,188,674,415.00","2,472,806,919,901.70","2,455,993,200,170.00","1,803,652,649,613.80"
British Virgin Islands,,,,,,,,,,,,,,,,
Brunei Darussalam,"6,001,153,306.30","5,601,090,584.40","5,843,329,107.60","6,557,333,084.60","7,872,333,215.00","9,531,402,847.90","11,470,703,002.10","12,247,694,247.20","14,393,099,068.60","10,732,366,286.30","13,707,370,737.10","18,525,319,977.70","19,048,495,518.60","18,093,829,923.30","17,123,125,493.30","12,930,394,937.80"
Bulgaria,"13,148,099,185.20","14,135,393,875.60","16,360,346,653.80","21,074,775,206.30","26,094,622,563.60","29,821,662,537.30","34,304,448,149.80","44,765,733,380.00","54,666,642,734.30","51,783,454,183.60","50,610,031,135.80","57,418,391,041.60","53,903,028,252.30","55,758,744,571.10","56,732,006,512.00","50,199,117,547.00"
Burkina Faso,"2,628,920,056.10","2,812,845,513.60","3,205,592,289.80","4,205,691,222.10","4,838,551,099.70","5,462,709,498.50","5,844,669,845.50","6,771,277,871.00","8,369,637,065.40","8,369,175,126.30","8,979,966,766.10","10,724,061,338.60","11,166,061,507.80","11,934,606,509.60","12,400,688,571.10","11,148,759,324.50"
Burundi,"870,486,065.90","876,794,723.10","825,394,490.20","784,654,423.60","915,257,323.40","1,117,257,279.50","1,273,180,597.00","1,356,078,278.20","1,611,634,331.60","1,739,781,488.70","2,026,864,469.40","2,355,652,125.90","2,472,384,907.00","2,714,505,634.50","3,093,647,226.80","3,097,324,739.80"
Cabo Verde,"539,227,277.60","563,024,383.30","620,974,660.20","813,963,830.20","924,318,490.80","971,977,088.20","1,107,891,063.40","1,513,934,037.20","1,789,333,748.70","1,711,817,181.50","1,664,310,769.60","1,864,824,080.70","1,751,888,561.70","1,850,951,315.50","1,858,121,723.20","1,574,288,667.70"
Cambodia,"3,654,031,716.30","3,984,000,517.00","4,284,028,482.50","4,658,246,918.30","5,337,833,248.00","6,293,046,161.80","7,274,595,706.70","8,639,235,842.20","10,351,914,093.20","10,401,851,850.60","11,242,275,199.00","12,829,541,141.00","14,038,383,450.20","15,449,630,418.50","16,777,820,332.70","18,049,954,289.40"
Cameroon,"9,287,367,235.30","9,633,109,349.60","10,879,778,384.20","13,621,738,837.20","15,775,357,014.60","16,587,858,856.70","17,953,066,721.10","20,431,780,377.90","23,322,254,113.60","23,381,142,146.60","23,622,483,983.70","26,587,311,527.60","26,472,056,037.80","29,567,504,655.50","32,050,817,633.00","28,415,950,981.40"
Canada,"742,293,448,252.60","736,379,777,892.60","757,950,678,646.50","892,380,986,367.90","1,023,196,003,074.60","1,169,357,979,864.70","1,315,415,197,461.20","1,464,977,190,205.80","1,549,131,208,997.20","1,371,153,004,986.40","1,613,464,422,811.10","1,788,647,906,047.80","1,824,288,757,447.60","1,842,628,005,830.20","1,792,883,225,804.40","1,552,807,652,015.40"
Cayman Islands,,,,,,,"3,207,032,512.90",,,,,,,,,
Central African Republic,"914,500,299.10","931,833,302.80","991,387,870.10","1,139,754,799.20","1,270,080,250.70","1,350,301,057.10","1,460,562,038.40","1,698,125,617.90","1,985,239,276.60","1,981,728,140.80","1,986,014,845.60","2,212,699,746.80","2,184,183,758.30","1,518,565,219.00","1,702,898,939.60","1,583,776,760.00"
Chad,"1,385,058,161.80","1,709,347,793.30","1,987,622,279.10","2,736,666,515.80","4,414,929,220.00","6,646,663,561.30","7,422,102,656.00","8,638,711,442.80","10,351,932,604.40","9,253,484,108.50","10,657,705,536.50","12,156,380,425.10","12,368,071,038.70","12,949,854,262.80","13,922,223,233.50","10,888,798,113.80"
Channel Islands,"6,439,703,434.70","6,232,906,290.50","6,663,669,064.70","7,332,244,898.00","8,553,643,354.10","8,827,272,727.30","9,676,172,953.10","11,514,605,842.30",,,,,,,,
Chile,"77,860,932,151.80","70,979,923,960.40","69,736,811,435.10","75,643,459,839.60","99,210,392,857.60","122,964,812,046.10","154,788,024,805.80","173,605,968,179.30","179,638,496,278.60","172,389,498,444.60","218,537,551,220.10","252,251,992,029.40","267,122,320,056.70","278,384,332,694.40","260,990,299,051.20","242,517,905,161.70"
China,"1,211,346,395,438.70","1,339,395,440,432.00","1,470,549,716,080.70","1,660,287,543,796.10","1,955,347,477,285.90","2,285,965,854,313.40","2,752,132,089,196.60","3,552,182,714,426.60","4,598,205,419,718.80","5,109,954,035,776.00","6,100,620,356,557.30","7,572,554,360,442.60","8,560,546,868,811.70","9,607,224,248,684.60","10,482,371,325,324.70","11,064,664,793,255.70"
Colombia,"99,886,577,330.70","98,203,546,156.30","97,933,391,976.10","94,684,584,162.80","117,074,863,821.90","146,566,264,837.00","162,590,146,096.40","207,416,494,642.40","243,982,437,870.80","233,821,670,544.30","287,018,184,637.50","335,415,156,702.20","369,659,700,375.50","380,191,881,860.40","378,195,716,714.30","291,519,591,533.00"
Comoros,"203,846,427.70","220,093,812.20","246,737,679.50","317,562,269.40","368,143,118.70","380,372,892.60","406,111,873.50","462,453,582.90","523,134,897.00","524,157,261.00","530,493,353.20","586,281,766.80","570,865,941.20","618,663,921.90","647,720,707.10","565,689,764.60"
"Congo, Dem. Rep.","19,088,046,305.80","7,438,189,100.30","8,728,038,525.10","8,937,567,059.90","10,297,483,481.20","11,964,484,667.90","14,296,507,096.40","16,364,029,327.30","19,206,060,270.30","18,262,773,820.80","20,523,285,374.20","23,849,009,737.70","27,463,220,380.00","30,014,813,755.80","34,028,119,332.60","36,188,521,106.90"
"Congo, Rep.","3,219,910,666.00","2,794,259,783.10","3,019,993,738.80","3,495,868,808.10","4,648,628,921.40","6,087,003,176.10","7,731,261,310.90","8,394,688,284.10","11,859,014,004.10","9,593,536,531.20","12,007,880,590.50","14,425,607,224.20","13,677,930,123.60","14,085,852,120.50","14,177,437,627.30","8,553,154,505.80"
Costa Rica,"14,949,514,585.20","15,913,363,335.10","16,504,795,453.30","17,195,867,540.40","18,529,767,934.50","19,952,156,474.80","22,600,431,878.00","26,743,874,286.90","30,612,932,802.90","30,562,361,123.00","37,268,635,287.10","42,262,697,840.40","46,473,128,285.60","49,745,088,111.70","50,656,002,895.90","54,840,103,850.30"
Cote d'Ivoire,"10,717,022,462.70","11,192,560,827.30","12,346,919,216.10","15,306,602,560.30","16,554,441,846.50","17,084,928,927.50","17,800,887,796.50","20,343,635,319.60","24,224,903,099.60","24,277,493,862.10","24,884,505,034.60","25,381,616,734.10","27,040,562,587.20","31,273,049,200.20","35,372,603,446.30","32,828,516,580.30"
Croatia,"21,774,273,832.10","23,289,671,102.30","26,878,499,206.00","34,658,113,497.40","41,574,530,815.50","45,416,076,680.90","50,453,577,898.50","60,093,155,532.80","70,481,451,814.30","62,703,095,750.50","59,665,427,464.50","62,236,751,773.00","56,485,301,967.40","57,769,872,074.90","57,080,369,367.80","48,676,334,689.40"
Cuba,"30,565,400,000.00","31,682,400,000.00","33,590,500,000.00","35,901,200,000.00","38,203,000,000.00","42,643,836,074.80","52,742,800,000.00","58,603,900,000.00","60,806,300,000.00","62,080,000,000.00","64,328,000,000.00","68,990,000,000.00","73,141,000,000.00","77,148,000,000.00","80,656,100,000.00","87,132,800,000.00"
Curacao,,,,,,,,,,,,,,,,
Cyprus,"10,183,317,624.90","10,567,304,189.40","11,618,269,230.80","14,576,896,942.20","17,422,375,000.00","18,703,146,374.80","20,403,713,461.30","24,077,470,572.10","27,839,460,963.80","25,942,622,950.80","25,562,251,655.60","27,427,161,523.50","25,012,206,090.20","24,054,965,480.60","23,308,212,816.80","19,559,942,331.20"
Czech Republic,"61,474,265,134.50","67,375,623,427.50","81,696,651,658.90","99,300,329,682.00","118,976,023,159.70","135,990,215,966.70","155,213,006,072.00","188,818,155,388.10","235,204,812,643.10","205,729,790,694.00","207,016,402,026.40","227,948,349,666.40","207,376,427,020.80","209,402,444,996.10","207,818,330,723.80","185,156,359,571.10"
Denmark,"164,158,800,460.20","164,791,416,350.30","178,635,160,297.40","218,095,997,085.50","251,373,036,671.10","264,467,308,109.20","282,884,912,894.30","319,423,370,134.30","353,361,056,079.70","321,241,396,034.20","321,995,350,346.50","344,003,209,695.60","327,148,899,962.10","343,584,385,594.10","352,296,969,840.90","301,307,828,843.60"
Djibouti,"551,230,861.90","572,417,440.80","591,122,039.60","622,044,665.50","666,072,101.80","708,633,194.70","768,873,684.00","847,918,929.10","999,105,339.30","1,049,110,684.70","1,128,611,700.40","1,239,144,501.80","1,353,632,941.50","1,455,000,000.00","1,588,000,000.00","1,727,000,000.00"
Dominica,"335,845,814.80","343,119,370.40","337,695,740.70","350,091,222.20","374,771,481.50","370,370,370.40","390,370,370.40","421,375,851.90","458,190,185.20","489,074,333.30","493,824,407.40","500,988,407.40","485,905,592.60","508,447,148.10","528,178,703.70","517,218,963.00"
Dominican Republic,"23,996,063,503.00","24,892,521,237.00","26,571,620,978.80","21,277,165,885.70","22,039,232,610.00","34,004,033,803.90","35,952,845,582.50","44,169,678,153.20","48,288,967,303.50","48,376,555,305.70","53,954,579,003.50","57,746,684,847.10","60,613,645,121.40","61,965,942,056.70","65,231,032,303.20","68,102,618,092.10"
Ecuador,"18,327,764,882.40","24,468,324,000.00","28,548,945,000.00","32,432,859,000.00","36,591,661,000.00","41,507,085,000.00","46,802,044,000.00","51,007,777,000.00","61,762,635,000.00","62,519,686,000.00","69,555,367,000.00","79,276,664,000.00","87,924,544,000.00","95,129,659,000.00","102,292,260,000.00","100,176,808,000.00"
"Egypt, Arab Rep.","99,838,543,960.10","97,632,008,709.90","87,850,683,978.70","82,924,503,942.60","78,845,185,293.50","89,685,725,230.30","107,484,034,871.00","130,478,960,092.50","162,818,181,818.20","188,982,374,700.80","218,888,324,504.80","236,001,858,960.00","279,372,758,361.80","288,586,231,501.90","305,529,656,458.40","332,698,041,030.80"
El Salvador,"13,134,100,000.00","13,812,700,000.00","14,306,700,000.00","15,046,700,000.00","15,798,300,000.00","17,093,800,000.00","18,550,700,000.00","20,104,900,000.00","21,430,950,000.00","20,661,030,000.00","21,418,330,000.00","23,139,040,000.00","23,813,600,000.00","24,350,930,000.00","25,054,230,000.00","26,052,340,000.00"
Equatorial Guinea,"1,045,998,496.40","1,461,139,022.00","1,806,742,742.30","2,484,745,935.10","4,410,764,338.70","8,217,369,092.70","10,086,528,698.90","13,071,718,758.70","19,749,893,536.30","15,027,795,173.20","16,298,542,028.00","21,329,395,900.90","22,389,627,294.40","21,942,597,765.40","21,461,989,483.10","12,162,117,377.40"
Eritrea,"706,370,815.60","752,368,495.50","729,321,366.70","870,247,703.20","1,109,054,005.40","1,098,425,900.70","1,211,161,879.70","1,317,974,491.10","1,380,188,800.00","1,856,695,551.20","2,117,039,512.20","2,607,739,837.40",,,,
Estonia,"5,685,774,808.80","6,245,069,734.10","7,322,069,511.20","9,833,870,709.10","12,059,201,242.20","14,006,088,297.50","16,963,625,015.70","22,237,061,730.10","24,194,039,255.90","19,652,492,636.80","19,490,936,349.20","23,170,239,900.80","23,043,864,510.10","25,081,185,830.70","26,213,940,386.80","22,460,470,490.00"
Ethiopia,"8,242,392,103.70","8,231,326,016.50","7,850,809,498.20","8,623,691,300.00","10,131,187,261.40","12,401,139,454.00","15,280,861,834.60","19,707,616,772.80","27,066,912,635.20","32,437,389,116.00","29,933,790,334.30","31,952,763,089.30","43,310,721,414.10","47,648,211,133.20","55,612,228,233.50","64,464,423,674.70"
Faroe Islands,"1,062,339,943.80","1,154,899,793.30","1,268,445,919.40","1,486,861,879.00","1,683,997,930.30","1,730,891,409.10","1,970,142,377.90","2,278,229,533.10","2,413,237,402.10","2,257,097,731.60","2,301,178,416.00","2,468,748,768.00","2,356,505,419.10","2,613,458,942.50",,
Fiji,"1,684,109,743.50","1,660,102,345.60","1,842,691,481.10","2,315,935,752.70","2,727,507,212.90","3,006,725,014.80","3,102,741,451.00","3,405,050,611.70","3,523,185,919.60","2,870,624,635.70","3,140,508,835.90","3,774,530,615.70","3,972,012,570.50","4,190,143,206.30","4,469,810,099.10","4,391,064,780.80"
Finland,"125,539,893,127.00","129,250,111,856.80","139,552,983,248.60","171,071,106,094.80","196,768,065,557.50","204,436,015,421.00","216,552,502,822.70","255,384,615,384.60","283,742,493,042.30","251,499,027,507.60","247,799,815,768.50","273,674,236,772.80","256,706,466,091.10","269,980,111,642.90","272,609,288,689.60","232,361,689,855.10"
France,"1,368,438,363,736.90","1,382,218,344,519.00","1,500,337,850,555.20","1,848,124,153,498.90","2,124,112,242,364.00","2,203,678,646,934.50","2,325,011,918,203.50","2,663,112,510,265.50","2,923,465,651,091.30","2,693,827,452,070.00","2,646,837,111,794.80","2,862,680,142,625.10","2,681,416,108,537.40","2,808,511,203,185.40","2,849,305,322,684.80","2,433,562,015,516.20"
French Polynesia,"3,447,543,137.90",,,,,,,,,,,,,,,
Gabon,"5,067,865,320.80","5,018,874,179.20","5,310,381,151.40","6,497,305,662.10","7,756,293,575.00","9,458,884,812.20","10,154,041,929.70","12,438,956,756.40","15,508,574,820.40","12,065,138,272.80","14,358,584,300.30","18,186,478,120.00","17,171,447,372.30","17,590,716,232.50","18,179,717,776.20","14,262,032,470.90"
"Gambia, The","782,915,402.40","687,408,804.60","578,236,035.10","487,038,821.60","578,785,278.80","624,174,723.70","655,068,696.00","798,870,894.20","965,769,128.20","900,639,747.90","952,429,030.40","904,256,643.40","912,569,686.80","903,779,326.20","849,122,624.80","938,794,719.40"
Georgia,"3,057,453,482.60","3,219,487,824.90","3,395,778,673.80","3,991,374,548.50","5,125,273,880.70","6,410,941,012.60","7,745,406,200.90","10,172,869,679.70","12,795,044,472.80","10,766,809,099.10","11,638,536,834.40","14,434,619,982.20","15,846,474,595.80","16,140,047,012.10","16,509,305,827.70","13,993,546,732.50"
Germany,"1,949,953,934,033.50","1,950,648,769,574.90","2,079,136,081,310.00","2,505,733,634,311.50","2,819,245,095,604.70","2,861,410,272,354.20","3,002,446,368,084.30","3,439,953,462,907.20","3,752,365,607,148.10","3,418,005,001,389.30","3,417,094,562,649.00","3,757,698,281,117.60","3,543,983,909,148.00","3,752,513,503,278.40","3,879,276,587,198.90","3,363,599,907,529.80"
Ghana,"4,983,024,408.10","5,314,909,953.90","6,166,330,136.30","7,632,406,552.80","8,881,368,538.10","10,731,634,116.70","20,409,257,610.50","24,758,819,717.70","28,526,891,010.50","25,977,847,813.70","32,174,772,956.00","39,566,292,432.90","41,939,728,978.70","47,805,069,494.90","38,616,536,131.60","37,543,361,203.60"
Gibraltar,,,,,,,,,,,,,,,,
Greece,"130,133,845,771.10","136,191,353,467.60","153,830,947,016.80","201,924,270,316.00","240,521,260,988.30","247,783,001,865.40","273,317,737,046.80","318,497,936,901.20","354,460,802,548.70","330,000,252,153.40","299,361,576,558.20","287,797,822,093.20","245,670,666,639.00","239,862,011,450.10","236,079,774,688.40","194,860,187,692.50"
Greenland,"1,068,030,829.80","1,086,172,922.60","1,169,138,789.30","1,407,866,174.80","1,621,822,369.80","1,656,172,355.70","1,818,759,669.10","2,049,139,372.10","2,310,743,218.10","2,324,870,823.90","2,306,502,373.70","2,515,245,776.40","2,408,666,378.90","2,483,396,542.20","2,551,126,948.80","2,220,380,802.30"
Grenada,"520,044,370.40","520,444,185.20","540,336,925.90","591,018,407.40","599,118,592.60","695,370,296.30","698,518,518.50","758,518,518.50","825,925,925.90","771,278,111.10","771,015,888.90","778,648,666.70","799,882,148.10","842,571,333.30","911,481,481.50","984,074,074.10"
Guam,,,"3,385,000,000.00","3,560,000,000.00","3,857,000,000.00","4,197,000,000.00","4,213,000,000.00","4,375,000,000.00","4,621,000,000.00","4,781,000,000.00","4,895,000,000.00","4,928,000,000.00","5,199,000,000.00","5,364,000,000.00","5,566,000,000.00","5,734,000,000.00"
Guatemala,"19,288,926,545.40","18,702,802,394.80","20,776,669,466.60","21,917,706,490.50","23,965,275,995.70","27,211,377,225.30","30,231,249,362.10","34,113,107,085.60","39,136,893,345.20","37,733,994,976.40","41,338,595,380.80","47,654,841,112.90","50,388,454,861.10","53,851,058,955.30","58,722,323,918.20","63,767,597,193.90"
Guinea,"2,995,360,969.20","2,833,442,750.40","2,949,637,039.00","3,446,442,218.90","3,666,349,049.40","2,937,071,767.30","2,931,625,104.50","4,134,173,275.10","4,515,824,647.40","4,609,923,756.20","4,735,956,493.10","5,067,360,009.40","5,667,229,759.00","6,231,725,484.60","6,624,068,015.50","6,699,203,543.30"
Guinea-Bissau,"370,173,851.90","392,278,168.20","415,843,482.00","476,388,260.60","531,109,356.20","586,791,883.70","591,829,908.40","695,606,288.60","864,136,713.00","825,828,703.60","846,332,456.40","1,105,497,854.80","995,582,062.30","1,026,664,188.50","1,109,007,299.90","1,056,776,896.90"
Guyana,"712,667,896.70","696,281,471.70","722,460,886.40","741,929,342.80","785,918,769.60","824,880,550.30","1,458,446,872.30","1,740,334,781.80","1,922,598,121.20","2,025,565,089.50","2,259,288,396.20","2,576,602,497.30","2,851,154,076.00","2,990,006,533.80","3,077,086,275.90","3,179,104,116.20"
Haiti,"3,953,839,593.80","3,596,448,035.40","3,472,194,099.40","2,960,306,120.90","3,537,721,020.40","4,310,356,252.80","4,756,204,069.60","5,885,321,655.90","6,548,530,572.40","6,584,649,419.30","6,622,541,528.60","7,516,834,160.30","7,890,216,507.70","8,452,509,315.90","8,776,360,623.30","8,724,656,126.50"
Honduras,"7,103,529,494.40","7,565,869,927.70","7,775,078,402.90","8,140,271,080.60","8,772,194,250.30","9,672,035,709.40","10,841,742,347.80","12,275,501,784.30","13,789,715,132.50","14,587,496,229.20","15,839,344,592.00","17,710,275,997.40","18,528,554,861.00","18,499,729,063.40","19,756,533,658.10","20,844,308,600.90"
"Hong Kong SAR, China","171,668,164,082.60","169,403,241,524.30","166,349,228,737.40","161,384,522,525.30","169,099,768,875.20","181,570,082,162.20","193,536,265,094.40","211,597,405,593.90","219,279,678,430.20","214,046,415,026.20","228,637,697,575.00","248,513,617,677.30","262,629,441,493.50","275,696,879,835.00","291,459,356,985.30","309,403,880,389.10"
Hungary,"47,209,471,853.30","53,696,730,223.80","67,561,285,378.70","85,050,281,601.00","103,694,527,827.50","112,589,039,620.20","114,801,188,269.40","139,198,195,460.60","157,290,970,540.90","129,965,360,575.70","130,255,637,530.90","140,091,591,853.00","127,321,135,030.10","134,680,475,647.60","139,294,565,100.60","121,715,203,207.60"
Iceland,"8,946,079,678.40","8,146,073,989.50","9,199,643,908.00","11,304,084,266.50","13,703,315,349.30","16,691,213,479.50","17,043,245,939.00","21,295,012,099.00","17,640,375,722.40","12,887,072,301.20","13,254,818,331.20","14,674,650,434.70","14,218,575,093.00","15,479,256,844.90","17,178,962,757.40","16,783,714,958.40"
India,"462,146,799,337.70","478,965,491,060.80","508,068,952,065.90","599,592,902,016.30","699,688,852,930.30","808,901,077,222.80","920,316,529,729.70","1,201,111,768,410.30","1,186,952,757,636.10","1,323,940,295,874.10","1,656,617,073,124.70","1,823,049,927,772.10","1,827,637,859,136.20","1,856,722,121,394.40","2,035,393,459,980.10","2,111,751,098,184.50"
Indonesia,"165,021,012,077.80","160,446,947,784.90","195,660,611,165.20","234,772,463,823.80","256,836,875,295.50","285,868,618,224.00","364,570,514,304.90","432,216,737,774.90","510,228,635,279.30","539,580,088,908.10","755,094,160,363.10","892,969,107,923.10","917,869,910,105.70","912,524,136,718.00","890,814,755,233.20","861,256,351,277.40"
"Iran, Islamic Rep.","109,591,707,802.20","126,878,750,295.90","128,626,917,503.70","153,544,751,395.40","183,697,185,041.70","219,845,971,945.30","258,645,743,978.40","337,474,485,087.30","397,189,565,318.90","398,978,104,575.30","467,790,215,915.50","592,037,800,186.90","587,209,369,682.70","511,620,875,086.80","425,326,068,422.90","393,436,064,441.70"
Iraq,,,,,"36,627,901,762.10","49,954,890,353.30","65,140,293,687.50","88,840,050,497.10","131,613,661,510.50","111,660,855,042.70","138,516,722,649.60","185,749,664,444.40","218,000,986,222.60","234,648,370,497.40","234,648,370,497.40","179,640,210,726.40"
Ireland,"99,855,067,256.30","109,119,123,042.50","127,941,699,604.70","164,285,609,480.80","193,870,908,865.20","211,684,827,757.70","232,167,519,759.10","270,043,019,436.10","274,919,027,391.20","235,765,976,660.20","221,343,483,668.80","240,590,736,123.30","225,819,189,160.70","239,271,158,532.50","256,271,345,442.60","283,716,006,697.60"
Isle of Man,"1,563,667,799.60","1,614,595,290.90","1,897,606,791.40","2,264,911,806.90","2,758,117,365.00","2,971,167,185.40","3,344,402,193.20","5,685,988,395.40","5,827,468,750.00","5,047,909,331.70","5,420,118,974.00","6,066,454,093.90","6,433,357,030.00","6,754,330,154.80","7,428,280,401.50",
Israel,"132,396,684,080.20","130,751,599,020.40","121,092,701,253.70","126,749,741,990.70","135,418,563,141.50","142,837,533,703.20","154,511,423,313.40","179,564,275,455.80","216,760,312,151.60","208,068,814,688.60","233,754,747,258.60","261,374,751,963.30","257,641,795,689.70","293,314,777,888.60","308,769,389,865.60","299,415,714,726.80"
Italy,"1,141,760,021,927.40","1,162,317,840,447.40","1,266,510,668,643.00","1,569,649,631,715.60","1,798,314,755,525.20","1,852,661,936,077.60","1,942,633,841,801.50","2,203,053,327,128.40","2,390,729,210,487.80","2,185,160,158,794.10","2,125,058,270,201.60","2,276,292,459,232.80","2,072,823,111,961.10","2,130,491,269,673.40","2,151,732,834,411.50","1,824,902,219,021.70"
Jamaica,"8,929,375,580.30","9,087,918,836.80","9,694,161,516.30","9,399,452,787.80","10,150,978,154.50","11,204,416,000.00","11,905,525,197.30","12,824,094,989.90","13,678,551,837.60","12,038,998,756.90","13,192,229,343.10","14,440,457,548.70","14,802,430,172.50","14,276,559,215.70","13,897,561,173.50","14,261,995,113.70"
Japan,"4,887,519,660,744.90","4,303,544,259,842.70","4,115,116,279,069.80","4,445,658,071,221.90","4,815,148,854,362.10","4,755,410,630,912.10","4,530,377,224,970.40","4,515,264,514,430.60","5,037,908,465,114.50","5,231,382,674,593.70","5,700,098,114,744.40","6,157,459,594,823.70","6,203,213,121,334.10","5,155,717,056,270.80","4,848,733,415,523.50","4,383,076,298,081.90"
Jordan,"8,460,424,400.60","8,975,689,844.90","9,582,453,032.40","10,195,660,789.80","11,411,390,409.00","12,588,665,303.20","15,056,929,760.20","17,110,587,447.10","21,972,004,086.20","23,820,230,000.00","26,425,379,436.60","28,840,263,380.30","30,937,277,605.60","33,593,843,662.00","35,826,925,774.60","37,517,410,281.70"
Kazakhstan,"18,291,990,619.10","22,152,689,129.60","24,636,598,581.00","30,833,692,831.40","43,151,647,002.60","57,123,671,733.90","81,003,884,545.40","104,849,886,825.60","133,441,612,246.80","115,308,661,142.90","148,047,348,240.60","192,626,507,971.60","207,998,568,865.80","236,634,552,078.10","221,415,572,819.50","184,388,432,148.70"
Kenya,"12,705,357,103.00","12,986,007,425.90","13,147,743,910.70","14,904,517,649.80","16,095,337,093.80","18,737,897,744.80","25,825,524,820.80","31,958,195,182.20","35,895,153,327.80","37,021,512,048.80","39,999,659,233.80","41,953,433,591.40","50,412,754,822.00","55,097,343,447.60","61,445,345,999.10","63,767,539,356.60"
Kiribati,"67,254,174.40","63,101,272.40","72,196,457.70","90,231,856.80","102,367,039.30","112,133,944.30","108,545,632.50","130,754,915.90","139,125,482.30","130,465,372.00","153,275,912.70","177,142,135.10","188,045,661.60","187,153,601.10","186,066,973.10","160,121,929.20"
"Korea, Dem. Peopleês Rep.",,,,,,,,,,,,,,,,
"Korea, Rep.","561,633,125,840.00","533,052,076,313.50","609,020,054,512.50","680,520,724,062.40","764,880,644,710.60","898,137,194,716.20","1,011,797,457,138.50","1,122,679,154,632.40","1,002,219,052,967.50","901,934,953,364.70","1,094,499,338,702.70","1,202,463,682,633.90","1,222,807,284,485.30","1,305,604,981,271.90","1,411,333,926,201.20","1,382,764,027,113.80"
Kosovo,"1,849,196,082.10","2,535,333,631.90","2,702,427,046.90","3,355,083,116.60","3,639,935,347.50","3,736,599,925.40","4,078,158,323.90","4,833,561,456.30","5,687,488,208.60","5,653,792,720.20","5,829,933,774.80","6,649,291,075.90","6,473,724,784.80","7,072,092,405.70","7,386,891,336.10","6,440,501,275.40"
Kuwait,"37,711,864,406.80","34,890,772,742.10","38,137,545,245.10","47,875,838,926.20","59,440,108,585.00","80,797,945,205.50","101,550,654,720.90","114,641,097,818.40","147,395,833,333.30","105,899,930,507.30","115,419,050,942.10","154,027,536,231.90","174,070,025,008.90","174,161,495,063.50","162,631,763,879.10","114,041,209,704.20"
Kyrgyz Republic,"1,369,693,171.40","1,525,112,241.80","1,605,640,633.40","1,919,012,781.00","2,211,535,311.60","2,460,248,026.20","2,834,168,889.40","3,802,566,170.80","5,139,957,784.90","4,690,062,255.10","4,794,357,795.10","6,197,766,118.60","6,605,139,933.40","7,335,027,591.90","7,468,096,566.70","6,678,178,340.50"
Lao PDR,"1,731,198,022.50","1,768,619,058.30","1,758,176,653.10","2,023,324,407.30","2,366,398,119.90","2,735,558,726.30","3,452,882,514.00","4,222,962,987.50","5,443,915,120.50","5,832,915,387.10","7,127,792,629.60","8,261,299,199.70","10,191,367,558.30","11,942,157,500.40","13,268,297,521.60","14,390,323,462.00"
Latvia,"7,937,758,980.30","8,350,252,966.20","9,546,441,564.30","11,748,433,157.10","14,373,269,155.70","16,922,504,044.80","21,447,021,570.10","30,901,399,261.40","35,596,016,664.20","26,169,854,045.00","23,757,368,290.10","28,223,552,824.80","28,119,996,053.30","30,254,571,077.70","31,352,249,349.60","27,026,037,600.30"
Lebanon,"17,260,364,842.50","17,649,751,243.80","19,152,238,806.00","20,082,918,739.60","20,955,223,880.60","21,287,562,189.10","21,796,351,575.50","24,577,114,427.90","28,829,850,746.30","35,139,635,157.50","38,009,950,248.80","40,078,938,640.10","43,205,095,854.10","44,352,417,910.40","45,730,945,273.60","47,084,703,150.90"
Lesotho,"887,295,262.20","825,706,966.80","775,780,697.30","1,157,832,935.80","1,511,236,652.00","1,682,350,941.50","1,800,105,593.00","1,820,597,205.00","1,868,776,303.10","1,864,004,707.50","2,394,097,298.90","2,791,545,696.40","2,678,243,067.40","2,532,392,022.50","2,520,952,363.40","2,335,194,894.30"
Liberia,"529,064,600.00","521,000,000.00","543,000,000.00","416,000,000.00","474,700,000.00","550,000,000.00","604,028,900.00","739,027,200.00","850,040,500.00","1,155,147,400.00","1,292,697,100.00","1,545,400,000.00","1,735,500,000.00","1,946,500,000.00","2,013,000,000.00","2,034,000,000.00"
Libya,"38,270,206,950.40","34,110,064,452.20","20,481,889,763.80","26,265,625,000.00","33,122,307,692.30","47,334,148,578.40","54,961,936,662.60","67,516,236,337.70","87,140,405,361.20","63,028,320,702.00","74,773,444,900.50","34,699,395,523.60",,,,
Liechtenstein,"2,483,953,102.80","2,491,822,706.80","2,688,630,822.50","3,070,691,319.50","3,454,362,686.00","3,659,251,525.90","4,000,239,272.60","4,601,299,566.80","5,081,432,924.00","4,504,549,214.20","5,082,366,478.10","5,739,977,477.50","5,456,009,384.70","6,391,735,893.80","6,663,501,418.90",
Lithuania,"11,539,211,480.40","12,252,498,921.00","14,278,357,283.70","18,802,576,988.20","22,649,930,576.30","26,125,575,942.30","30,216,060,233.40","39,738,180,076.60","47,850,551,148.80","37,440,673,477.90","37,120,517,693.90","43,476,878,139.30","42,847,900,765.80","46,473,646,001.60","48,545,251,795.60","41,402,022,148.20"
Luxembourg,"21,263,514,833.20","21,272,418,791.90","23,616,328,816.10","29,557,325,056.40","34,685,281,847.50","37,347,394,602.70","42,414,308,116.90","50,888,134,410.10","55,849,686,538.70","51,370,543,206.40","53,212,476,812.30","60,004,630,234.40","56,677,961,787.10","61,808,178,300.10","66,298,060,521.80","58,048,242,436.10"
"Macao SAR, China","6,720,492,405.80","6,811,227,982.80","7,322,677,820.10","8,195,033,162.10","10,585,624,890.90","12,092,222,041.90","14,789,661,809.20","18,340,447,243.00","20,917,444,919.60","21,475,520,709.40","28,123,640,998.70","36,709,860,068.30","43,031,577,366.40","51,552,075,901.50","55,347,998,647.80","45,415,278,647.50"
"Macedonia, FYR","3,772,851,420.20","3,709,637,829.90","4,018,365,247.40","4,946,292,774.80","5,682,719,260.10","6,258,600,713.80","6,861,222,332.00","8,336,478,142.10","9,909,548,410.80","9,401,731,495.70","9,407,168,702.40","10,494,632,699.40","9,745,251,126.00","10,817,712,138.90","11,362,272,837.90","10,051,659,161.20"
Madagascar,"3,877,673,539.10","4,529,575,347.60","4,397,254,607.60","5,474,030,080.20","4,363,934,494.40","5,039,293,030.80","5,515,884,348.50","7,342,923,489.10","9,413,002,921.00","8,550,363,974.80","8,729,936,135.70","9,892,702,357.60","9,919,780,071.30","10,601,690,871.80","10,673,516,672.70","9,738,652,322.20"
Malawi,"1,743,506,287.40","1,716,502,862.30","3,495,748,397.60","3,208,837,077.30","3,476,094,498.90","3,655,909,664.10","3,997,852,636.20","4,432,192,843.60","5,320,925,102.30","6,190,991,712.10","6,959,697,194.00","8,003,300,198.30","6,028,470,988.50","5,518,901,971.40","6,054,750,320.30","6,373,201,160.00"
Malaysia,"93,789,736,842.10","92,783,947,368.40","100,845,263,157.90","110,202,368,421.10","124,749,736,842.10","143,534,102,611.50","162,690,965,596.20","193,547,824,063.30","230,813,597,937.50","202,257,586,267.60","255,016,609,232.90","297,951,960,784.30","314,442,825,692.80","323,276,841,537.30","338,068,990,803.30","296,283,190,372.60"
Maldives,"624,337,145.30","870,179,738.60","897,031,250.00","1,043,403,343.80","1,202,240,023.40","1,119,806,500.00","1,474,698,125.00","1,745,998,937.50","2,109,960,937.50","2,149,257,812.50","2,323,401,757.80","2,449,576,516.90","2,518,312,129.00","2,795,147,949.80","3,094,197,810.20","3,435,244,658.80"
Mali,"2,954,129,565.80","3,465,305,993.50","3,889,758,023.70","4,703,504,466.50","5,444,474,268.40","6,245,031,690.10","6,899,799,785.80","8,145,694,631.90","9,750,822,511.50","10,181,021,770.40","10,678,749,467.50","12,978,107,560.60","12,442,747,897.20","12,813,248,724.80","14,004,067,516.40","12,746,688,961.80"
Malta,"4,306,192,435.80","4,331,870,647.70","4,689,832,689.80","5,456,583,589.40","6,062,780,269.10","6,394,851,386.60","6,757,119,558.40","7,880,509,170.50","8,977,149,553.20","8,528,202,278.40","8,741,059,602.60","9,500,001,983.40","9,198,987,219.70","10,131,419,449.00","11,188,785,252.80","10,287,007,021.20"
Marshall Islands,"110,937,700.00","115,152,100.00","124,735,100.00","126,887,600.00","131,106,400.00","137,744,500.00","143,656,600.00","150,851,598.30","152,901,100.00","152,631,200.00","164,751,300.00","172,674,900.00","185,055,800.00","190,992,000.00","183,114,100.00","179,432,600.00"
Mauritania,"1,293,654,175.20","1,295,539,448.40","1,324,426,606.60","1,563,074,859.50","1,833,444,740.40","2,184,444,849.00","3,040,716,679.10","3,356,757,497.10","3,978,425,730.70","3,670,515,695.70","4,343,665,119.90","5,179,689,613.50","5,225,532,807.30","5,724,227,536.50","5,391,475,878.10","4,844,223,517.90"
Mauritius,"4,582,555,124.60","4,536,538,210.70","4,767,303,154.00","5,609,831,328.10","6,385,695,187.00","6,283,803,256.00","7,028,803,365.70","8,150,138,757.20","9,990,370,016.30","9,128,843,109.20","10,003,670,690.30","11,518,393,367.20","11,668,685,524.10","12,129,642,296.40","12,803,445,933.60","11,681,761,261.00"
Mexico,"683,647,965,227.00","724,703,603,502.30","741,559,509,631.30","713,284,231,624.80","770,267,585,947.20","866,345,821,213.30","965,281,191,371.80","1,043,471,321,169.10","1,101,275,278,668.80","894,948,748,436.70","1,051,128,603,513.80","1,171,187,519,660.60","1,186,598,324,461.80","1,261,981,728,468.50","1,298,398,654,278.70","1,151,037,122,909.10"
"Micronesia, Fed. Sts.","233,226,300.00","240,051,900.00","241,543,400.00","244,991,000.00","239,563,300.00","249,845,600.00","252,991,200.00","255,890,800.00","261,339,600.00","277,510,900.00","294,117,200.00","310,287,500.00","325,835,200.00","315,725,600.00","318,072,000.00","314,971,100.00"
Moldova,"1,288,429,150.50","1,480,656,884.40","1,661,818,168.40","1,980,901,553.50","2,598,231,467.40","2,988,338,439.30","3,408,272,498.10","4,401,154,128.10","6,054,806,100.80","5,439,422,031.40","5,811,604,052.00","7,015,206,498.20","7,284,686,576.30","7,985,349,731.50","7,983,271,110.60","6,512,899,540.30"
Monaco,"2,647,883,820.20","2,671,401,082.80","2,905,973,022.20","3,588,988,600.70","4,110,348,444.50","4,280,072,626.00","4,663,488,363.10","5,974,371,696.00","6,919,241,412.10","5,557,245,122.30","5,350,674,803.30","6,074,884,388.60",,,,
Mongolia,"1,136,896,123.60","1,267,997,934.30","1,396,555,720.00","1,595,297,355.80","1,992,066,808.10","2,523,471,532.00","3,414,055,566.10","4,234,999,823.30","5,623,216,448.90","4,583,850,367.90","7,189,481,853.10","10,409,797,610.30","12,292,770,631.20","12,582,122,604.20","12,226,514,746.10","11,741,338,841.10"
Montenegro,"984,279,598.30","1,159,860,290.20","1,284,446,123.30","1,707,678,389.70","2,073,255,525.20","2,257,174,480.80","2,696,020,574.60","3,668,857,103.80","4,519,731,946.70","4,141,382,328.40","4,139,192,053.00","4,538,198,498.70","4,087,724,527.80","4,464,260,488.60","4,587,928,884.20","4,019,889,098.40"
Morocco,"38,857,251,336.30","39,459,581,217.40","42,236,836,820.60","52,064,058,834.00","59,626,020,162.40","62,343,022,650.90","68,640,825,480.90","79,041,294,874.50","92,507,257,783.60","92,897,320,375.80","93,216,746,661.60","101,370,474,295.10","98,266,306,615.40","106,825,649,872.10","109,881,398,475.00","100,593,283,696.70"
Mozambique,"5,016,469,068.50","4,766,928,746.70","5,031,510,908.90","5,597,367,853.40","6,831,808,930.40","7,723,846,194.90","8,312,078,525.10","9,366,742,309.50","11,494,837,053.40","10,911,698,208.10","10,154,238,250.20","13,131,168,011.80","14,534,278,446.30","16,018,848,990.70","16,961,127,045.80","14,798,399,861.60"
Myanmar,"8,905,066,163.60","6,477,790,688.20","6,777,632,512.10","10,467,109,977.70","10,567,354,056.40","11,986,972,418.50","14,502,553,709.80","20,182,477,480.60","31,862,554,101.90","36,906,181,380.80","49,540,813,342.50","59,977,326,086.00","59,731,122,170.10","60,132,854,536.80","65,574,726,566.40","62,600,906,116.10"
Namibia,"3,908,661,517.60","3,546,783,708.10","3,361,251,197.70","4,931,312,147.20","6,606,858,786.00","7,261,333,794.60","7,978,734,401.50","8,740,865,600.20","8,486,721,916.90","8,876,191,120.80","11,282,192,605.00","12,409,629,835.70","13,016,272,898.90","12,713,366,873.50","12,853,963,142.80","11,491,507,355.60"
Nauru,,,,,,,,"20,432,742.10","39,333,572.30","44,290,951.90","49,248,810.60","72,751,801.00","103,811,958.80","108,601,538.50","117,020,381.90","100,459,782.60"
Nepal,"5,494,252,207.90","6,007,061,224.50","6,050,875,806.70","6,330,473,096.50","7,273,938,314.70","8,130,258,041.50","9,043,715,355.90","10,325,618,017.40","12,545,438,605.40","12,854,985,464.10","16,002,656,434.50","18,913,574,370.80","18,851,513,891.10","19,271,168,018.50","20,002,968,837.90","21,313,549,578.70"
Netherlands,"412,807,259,996.30","426,573,601,789.70","465,368,906,455.90","571,863,431,151.20","650,532,654,581.60","678,533,764,457.20","726,649,102,998.40","839,419,655,078.00","936,228,211,513.10","857,932,759,099.80","836,389,937,229.20","893,757,287,201.70","828,946,812,396.80","866,680,000,367.30","879,635,084,125.00","750,318,056,805.60"
New Caledonia,"2,682,347,064.40",,,,,,,,,,,,,,,
New Zealand,"52,623,281,956.70","53,872,425,916.60","66,628,222,189.40","88,250,885,550.30","103,905,882,352.90","114,719,425,473.50","111,606,899,682.30","137,314,617,476.30","133,279,679,482.70","121,337,372,727.80","146,580,949,348.90","168,461,998,741.30","176,192,886,551.40","190,521,142,196.40","200,696,291,790.00","175,564,427,552.80"
Nicaragua,"5,107,329,007.10","5,323,146,565.70","5,224,213,017.50","5,322,454,925.80","5,795,568,204.60","6,321,335,612.20","6,763,671,610.70","7,423,377,429.10","8,496,965,842.30","8,298,695,144.90","8,758,622,328.70","9,774,316,692.20","10,532,001,129.70","10,982,972,256.40","11,880,438,824.40","12,747,741,539.70"
Niger,"1,798,374,468.40","1,945,327,564.70","2,170,481,508.90","2,731,416,346.50","3,052,898,739.50","3,405,134,831.90","3,646,728,060.10","4,291,363,390.90","5,403,363,917.30","5,397,121,856.40","5,718,589,799.20","6,409,169,889.50","6,942,209,594.60","7,667,951,987.70","8,245,312,136.60","7,142,951,342.40"
Nigeria,"46,386,011,231.40","44,137,994,251.60","59,116,847,821.60","67,655,813,930.10","87,845,420,504.50","112,248,353,104.90","145,429,764,861.20","166,451,213,395.60","208,064,753,766.50","169,481,317,540.40","369,062,464,570.40","411,743,801,711.60","460,953,836,444.40","514,966,287,206.50","568,498,939,784.00","481,066,152,870.30"
Northern Mariana Islands,,,"1,284,000,000.00","1,239,000,000.00","1,210,000,000.00","1,061,000,000.00","990,000,000.00","938,000,000.00","939,000,000.00","795,000,000.00","799,000,000.00","733,000,000.00","751,000,000.00","780,000,000.00","836,000,000.00","922,000,000.00"
Norway,"171,315,639,982.70","174,003,247,439.30","195,418,347,153.00","228,752,436,371.90","264,357,494,659.40","308,722,079,937.90","345,424,664,369.40","400,883,873,279.10","461,946,808,510.60","386,383,919,342.30","428,527,064,662.90","498,156,756,965.10","509,704,856,037.80","522,746,212,766.00","498,339,751,388.50","386,578,443,732.60"
Oman,"19,507,412,223.70","19,452,015,604.70","20,142,782,834.90","21,633,810,143.00","24,763,589,076.70","31,081,924,577.40","37,215,864,759.40","42,085,305,591.70","60,905,331,599.50","48,388,296,488.90","58,641,621,957.90","67,937,307,405.10","76,689,583,316.90","78,938,585,285.70","81,034,395,037.50","69,831,770,995.50"
Pakistan,"73,952,374,969.80","72,309,738,921.30","72,306,820,396.20","83,244,801,092.70","97,977,766,197.70","109,502,102,510.90","137,264,061,106.00","152,385,716,311.90","170,077,814,106.30","168,152,775,283.00","177,406,854,514.90","213,587,413,184.00","224,383,620,829.60","231,218,567,179.00","244,360,888,750.80","271,049,886,672.70"
Palau,"149,300,000.00","160,000,000.00","163,500,000.00","159,900,000.00","175,300,000.00","193,300,000.00","194,700,000.00","196,000,000.00","198,100,000.00","186,400,000.00","183,800,000.00","199,900,000.00","214,200,000.00","228,700,000.00","250,900,000.00","287,400,000.00"
Panama,"12,304,115,000.00","12,502,013,400.00","12,994,310,400.00","13,693,981,200.00","15,013,381,700.00","16,374,393,900.00","18,141,666,300.00","20,958,000,000.00","24,522,200,000.00","26,593,500,000.00","28,917,200,000.00","34,373,820,500.00","39,954,761,200.00","44,856,189,500.00","49,165,773,100.00","52,132,289,700.00"
Papua New Guinea,"3,521,348,154.80","3,081,029,666.00","2,999,542,369.40","3,536,459,111.20","3,927,114,465.90","4,865,971,718.30","5,527,856,839.10","6,340,673,793.50","8,000,074,071.30","8,105,331,929.90","9,716,103,409.00","12,873,049,346.30","15,391,629,871.40","15,413,163,674.90","16,928,680,397.40",
Paraguay,"8,195,993,230.70","7,662,595,075.90","6,325,151,760.10","6,588,103,836.30","8,033,877,360.40","8,734,653,809.50","10,646,157,920.30","13,794,910,633.90","18,504,130,753.00","15,929,902,138.10","20,030,528,042.90","25,099,681,460.90","24,595,319,573.80","28,965,906,502.20","30,881,166,852.30","27,282,581,335.80"
Peru,"51,744,749,133.20","52,030,158,775.40","54,777,553,515.10","58,731,030,121.90","66,768,703,497.60","76,060,606,060.60","88,643,193,061.70","102,170,981,144.10","120,550,599,815.40","120,822,986,521.50","147,528,937,028.80","171,761,737,046.60","192,648,999,090.10","201,217,661,645.50","201,049,665,375.10","189,212,096,470.30"
Philippines,"81,026,297,144.30","76,262,072,022.20","81,357,602,950.20","83,908,206,456.10","91,371,239,764.90","103,071,585,462.60","122,210,719,245.90","149,359,920,005.90","174,195,135,053.10","168,334,599,538.20","199,590,774,784.60","224,143,083,706.80","250,092,093,547.50","271,836,123,723.70","284,584,522,898.90","292,774,099,014.20"
Poland,"171,885,598,582.60","190,521,263,343.00","198,680,637,254.90","217,518,642,324.50","255,102,252,843.40","306,134,635,593.70","344,826,430,298.10","429,249,647,594.60","533,815,789,473.70","439,796,160,379.50","479,321,128,909.20","528,819,945,375.40","500,344,281,382.30","524,214,789,308.00","545,151,778,520.40","477,336,782,066.60"
Portugal,"118,358,489,957.60","121,545,880,984.30","134,228,697,534.40","164,964,195,259.60","189,187,437,298.20","197,304,513,120.30","208,566,948,939.90","240,169,336,162.10","262,007,590,449.70","243,745,748,819.10","238,303,443,425.20","244,895,101,712.50","216,368,178,659.40","226,073,492,966.50","229,629,822,121.60","199,082,291,239.30"
Puerto Rico,"61,701,810,000.00","69,668,635,000.00","72,546,194,000.00","75,833,996,000.00","80,322,313,000.00","83,914,521,340.50","87,276,164,364.60","89,524,131,617.20","93,639,316,000.00","96,385,638,000.00","98,381,268,000.00","100,351,670,000.00","101,080,738,000.00","103,134,778,000.00",,
Qatar,"17,759,890,109.90","17,538,461,538.50","19,363,736,263.70","23,533,791,208.80","31,734,065,934.10","44,530,494,505.50","60,882,142,857.10","79,712,087,912.10","115,270,054,945.10","97,798,351,648.40","125,122,306,346.20","167,775,274,725.30","186,833,516,483.50","198,727,747,252.70","206,224,725,274.70","164,641,483,516.50"
Romania,"37,438,527,799.50","40,716,836,998.00","46,174,557,555.60","59,867,801,204.80","76,216,441,462.10","99,697,566,667.80","123,533,036,667.90","171,536,685,395.60","208,181,626,900.60","167,422,949,529.40","167,998,080,493.40","185,362,855,081.00","171,664,638,717.50","191,549,024,910.60","199,493,490,982.90","177,522,705,145.20"
Russian Federation,"259,708,496,267.30","306,602,673,980.10","345,110,438,692.20","430,347,770,731.80","591,016,690,742.80","764,017,107,992.40","989,930,542,278.70","1,299,705,247,685.80","1,660,844,408,499.60","1,222,643,696,991.90","1,524,916,112,078.90","2,031,768,558,635.90","2,170,143,623,037.70","2,230,625,004,653.60","2,063,662,281,005.10","1,365,865,245,098.20"
Rwanda,"1,734,938,264.50","1,674,685,094.00","1,677,447,150.10","1,845,979,299.00","2,089,188,828.80","2,581,465,863.90","3,152,016,556.50","3,824,811,913.20","4,860,576,609.20","5,379,378,135.40","5,774,003,744.30","6,491,683,831.50","7,315,702,176.40","7,622,526,429.10","8,016,288,347.00","8,261,034,257.60"
Samoa,"269,019,710.30","273,088,357.20","288,078,881.40","338,838,639.40","420,320,176.40","462,644,663.10","508,505,414.40","550,967,295.30","644,143,266.20","560,967,765.50","643,056,627.70","739,777,274.10","801,152,293.30","804,816,205.70","803,574,789.10","803,976,511.50"
San Marino,"773,907,642.40","815,205,233.10","879,957,209.90","1,122,981,525.40","1,317,357,834.60","1,375,416,604.50","1,469,000,145.30","1,687,567,364.10","1,899,879,955.50",,,,,,,
Sao Tome and Principe,,"72,230,284.40","80,531,992.10","96,343,906.40","105,360,801.90","126,194,166.20","134,441,116.90","145,827,429.60","188,021,168.80","187,821,029.00","197,454,053.10","233,213,522.60","252,560,557.10","302,925,489.70","348,463,457.90","317,696,178.70"
Saudi Arabia,"189,514,926,222.70","184,137,469,724.90","189,605,920,240.50","215,807,655,244.40","258,742,133,333.30","328,459,608,764.10","376,900,133,511.30","415,964,509,673.10","519,796,800,000.00","429,097,866,666.70","528,207,200,000.00","671,238,840,108.20","735,974,843,348.70","746,647,127,407.60","756,350,347,320.40","654,269,902,888.70"
Senegal,"4,679,604,753.60","4,877,602,059.50","5,333,862,371.30","6,858,952,880.10","8,031,344,381.10","8,707,015,771.00","9,358,710,935.40","11,284,603,070.60","13,428,461,873.60","12,809,044,977.60","12,937,300,245.20","14,368,348,214.20","14,202,389,641.90","14,810,978,041.50","15,308,965,398.60","13,609,978,076.40"
Serbia,"6,540,247,190.30","12,267,175,481.30","16,116,843,146.50","21,188,704,081.20","24,861,483,280.60","26,252,007,830.50","30,607,991,862.50","40,289,556,656.10","49,259,526,052.70","42,616,653,299.90","39,460,357,730.50","46,466,728,666.60","40,742,313,861.10","45,519,650,911.40","44,210,806,365.70","37,160,332,465.20"
Seychelles,"614,879,764.80","622,262,057.20","697,518,248.20","705,704,816.00","839,319,927.30","919,103,254.50","1,016,418,229.30","1,033,561,654.10","967,199,594.00","847,397,850.10","969,936,525.30","1,065,826,669.90","1,134,267,367.20","1,411,061,260.70","1,422,530,791.60","1,437,722,206.40"
Sierra Leone,"635,874,002.20","1,079,478,387.80","1,239,004,287.80","1,371,442,565.70","1,431,208,677.30","1,627,854,494.80","1,885,112,201.90","2,158,496,872.90","2,505,458,705.00","2,489,985,963.20","2,616,610,911.10","2,942,546,781.00","3,801,862,611.40","4,920,343,195.00","5,015,157,815.70","4,251,779,857.00"
Singapore,"95,833,932,714.60","89,286,208,628.70","91,941,192,896.20","97,001,377,568.60","114,188,557,567.20","127,417,688,055.80","147,797,218,201.30","179,981,288,567.40","192,225,881,687.80","192,408,387,762.10","236,421,782,178.20","275,599,459,373.50","289,162,118,908.50","302,510,668,904.30","308,142,766,948.10","296,840,704,102.40"
Sint Maarten (Dutch part),,,,,,,,,,,,,,,,
Slovak Republic,"29,114,875,621.90","30,703,017,449.70","35,083,608,131.00","46,731,767,494.40","57,240,535,137.80","62,697,540,107.00","70,596,729,394.10","86,304,245,825.30","100,324,627,215.50","88,945,625,173.70","89,501,012,915.70","98,181,259,740.10","93,413,992,955.90","98,478,349,315.30","100,760,596,988.20","87,267,593,788.20"
Slovenia,"20,342,201,356.00","20,875,387,068.10","23,563,576,758.10","29,697,448,108.30","34,470,227,453.90","36,346,974,008.20","39,587,732,028.60","48,114,688,201.50","55,589,849,128.50","50,244,793,831.60","48,013,606,745.50","51,290,792,018.10","46,258,247,574.80","47,688,566,993.10","49,530,147,015.90","42,776,716,631.10"
Solomon Islands,"435,103,853.50","400,463,452.10","341,661,643.60","332,738,245.90","375,111,894.90","413,909,879.30","456,705,434.00","516,074,229.00","608,293,860.30","597,765,363.10","671,585,343.20","886,498,370.70","1,025,125,081.60","1,059,695,156.20","1,156,563,122.90","1,129,164,718.80"
Somalia,,,,,,,,,,,,,,"5,352,000,000.00","5,647,000,000.00","5,925,000,000.00"
South Africa,"136,361,854,808.50","121,516,070,204.80","115,482,368,343.70","175,256,916,996.00","228,593,566,165.10","257,772,710,833.00","271,638,484,826.10","299,415,505,152.30","286,769,839,732.70","295,936,485,832.60","375,349,396,273.80","416,418,862,155.90","396,327,771,011.00","366,623,856,821.80","350,850,571,747.10","317,406,594,612.40"
South Sudan,,,,,,,,,"15,550,136,278.90","12,231,362,022.70","15,727,363,443.10","17,826,697,892.30","10,368,813,559.30","13,257,635,694.90","13,282,084,033.90","9,015,221,096.20"
Spain,"595,402,616,546.90","625,975,838,926.20","705,145,868,624.10","906,853,273,137.70","1,069,555,500,372.50","1,157,276,458,152.00","1,264,551,499,184.50","1,479,341,637,010.70","1,634,989,014,208.30","1,499,074,742,984.20","1,431,587,612,302.30","1,488,017,213,511.00","1,335,945,712,662.30","1,361,775,869,855.90","1,375,856,057,716.80","1,192,955,480,686.40"
Sri Lanka,"16,330,814,180.00","15,746,229,581.60","16,536,535,647.10","18,881,765,437.20","20,662,525,941.30","24,406,252,456.50","28,279,814,924.60","32,350,248,410.80","40,713,812,309.70","42,066,217,871.50","56,725,745,039.30","65,292,741,296.50","68,434,399,083.40","74,317,806,754.50","79,356,456,990.30","80,611,989,527.20"
St. Kitts and Nevis,"420,515,112.90","461,078,096.20","483,120,201.30","465,850,733.30","502,561,637.00","543,167,674.40","636,218,025.20","674,008,481.50","738,942,555.60","723,209,111.10","705,015,370.40","753,225,963.00","734,462,666.70","788,163,888.90","847,778,185.20","876,478,555.60"
St. Lucia,"784,159,222.20","743,808,074.10","748,346,592.60","823,837,148.10","893,107,222.20","951,207,370.40","1,062,617,148.10","1,150,526,259.30","1,187,075,814.80","1,180,949,888.90","1,241,892,814.80","1,280,623,888.90","1,298,815,407.40","1,318,052,185.20","1,386,188,629.60","1,431,135,703.70"
St. Martin (French part),,,,,,,,,,,,,,,,
St. Vincent and the Grenadines,"396,270,000.00","430,040,370.40","461,883,444.40","481,806,296.30","521,975,111.10","550,728,666.70","610,930,044.40","651,833,314.80","695,428,851.90","674,922,481.50","681,225,963.00","676,129,407.40","692,933,740.70","721,207,148.10","727,912,814.80","737,683,555.60"
Sudan,"12,257,418,326.10","13,182,979,783.50","14,803,189,092.70","17,646,503,525.20","21,457,470,202.80","26,524,538,565.70","35,822,408,611.60","45,898,948,564.10","54,526,580,231.60","53,150,209,167.90","65,634,109,236.80","67,327,289,319.70","68,125,631,150.30","72,065,940,085.80","82,151,588,418.80","97,156,119,150.00"
Suriname,"892,164,393.90","763,465,550.50","1,078,402,127.70","1,271,196,078.40","1,484,092,538.40","1,793,754,804.70","2,626,380,435.20","2,936,612,021.90","3,532,969,034.60","3,875,409,836.10","4,368,398,047.60","4,422,276,621.80","4,980,000,000.00","5,145,757,575.80","5,240,606,060.60","4,878,731,707.30"
Swaziland,"1,738,100,848.10","1,542,477,355.00","1,432,228,172.70","2,197,612,760.60","2,770,082,815.20","3,178,126,547.90","3,291,353,812.90","3,469,363,931.20","3,294,093,359.60","3,580,417,156.50","4,438,778,553.60","4,820,499,498.20","4,807,282,468.00","4,575,596,300.80","4,486,261,555.30","4,137,638,726.70"
Sweden,"259,802,012,617.10","239,917,320,967.00","263,926,220,332.50","331,108,912,605.30","381,705,425,301.70","389,042,298,376.80","420,032,121,655.70","487,816,328,342.30","513,965,650,650.10","429,657,033,107.70","488,377,689,564.90","563,109,663,291.20","543,880,647,757.40","578,742,001,487.60","573,817,719,109.40","495,694,356,611.60"
Switzerland,"271,659,728,209.40","278,628,772,872.70","301,127,808,995.30","351,982,634,291.20","393,541,693,928.40","407,535,656,039.20","429,195,591,242.60","477,407,802,315.90","551,546,962,699.70","539,528,229,942.10","581,208,562,423.40","696,278,717,728.10","665,054,050,620.80","684,835,034,384.30","702,705,544,908.60","670,789,928,809.90"
Syrian Arab Republic,"19,325,894,913.10","21,099,833,783.50","21,582,248,881.70","21,828,144,686.00","25,086,930,693.10","28,858,965,517.20","33,332,844,574.80","40,405,006,007.20",,,,,,,,
Tajikistan,"860,550,305.80","1,080,774,007.30","1,221,113,780.30","1,554,125,530.80","2,076,148,695.50","2,312,319,579.00","2,830,236,053.80","3,719,497,371.10","5,161,336,170.50","4,979,481,980.40","5,642,178,579.60","6,522,732,202.50","7,633,049,792.10","8,506,674,782.80","9,236,309,138.00","7,853,450,374.00"
Tanzania,"10,185,786,382.80","10,383,560,602.90","10,805,599,892.70","11,659,129,888.80","12,825,801,580.90","16,929,976,600.10","18,610,460,326.50","21,501,741,757.50","27,368,386,358.10","28,573,777,052.50","31,407,908,612.10","33,878,631,649.40","39,087,748,240.40","44,333,456,244.70","48,197,218,326.80","45,628,247,290.50"
Thailand,"126,392,308,497.70","120,296,746,256.60","134,300,851,255.00","152,280,653,543.70","172,895,476,152.60","189,318,499,954.00","221,758,486,880.30","262,942,650,543.80","291,383,081,231.80","281,710,095,724.80","341,105,009,515.30","370,818,747,396.80","397,559,992,407.50","420,528,737,876.70","406,521,561,093.40","399,234,547,137.50"
Timor-Leste,"368,000,000.00","452,000,000.00","444,000,000.00","453,000,000.00","466,000,000.00","491,000,000.00","463,000,000.00","559,000,000.00","694,000,000.00","827,000,000.00","943,000,000.00","1,148,000,000.00","1,293,000,000.00","1,312,000,000.00","1,399,000,000.00","1,441,718,600.00"
Togo,"1,294,250,233.20","1,332,328,999.10","1,474,630,207.10","1,673,690,429.60","1,937,074,572.10","2,115,154,262.00","2,202,809,251.30","2,523,462,557.40","3,163,416,242.10","3,163,000,528.80","3,172,945,644.60","3,756,023,160.00","3,866,617,462.60","4,080,929,201.30","4,482,880,424.30","4,087,628,276.00"
Tonga,"202,363,492.20","181,244,788.50","182,737,040.10","202,543,202.00","229,358,214.80","262,176,133.70","294,137,737.10","300,143,056.90","349,459,648.60","318,151,987.30","369,435,481.40","423,015,938.00","472,441,383.00","449,387,934.00","443,475,142.10","435,430,325.20"
Trinidad and Tobago,"8,154,338,233.00","8,824,873,259.30","9,008,273,720.90","11,305,459,802.10","13,280,275,123.00","15,982,282,462.40","18,369,070,085.40","21,642,304,045.50","27,870,257,894.20","19,175,196,445.80","22,157,948,396.20","25,433,011,405.30","25,694,164,489.20","26,436,221,401.30","26,175,906,133.50","23,559,287,483.90"
Tunisia,"21,473,188,881.60","22,066,101,341.50","23,142,294,436.20","27,453,084,982.50","31,183,139,301.50","32,273,007,553.60","34,378,437,265.20","38,908,069,299.20","44,856,586,316.00","43,454,935,940.20","44,050,929,160.30","45,810,626,509.40","45,044,176,964.00","46,255,308,672.40","47,603,227,896.60","43,156,606,851.50"
Turkey,"272,979,390,595.00","200,254,104,151.50","238,423,907,922.80","311,825,946,795.00","404,776,328,437.60","501,422,832,613.60","552,504,962,256.40","675,754,121,015.00","764,322,933,264.90","644,656,538,878.40","771,876,943,465.60","832,546,462,299.60","873,981,840,596.30","950,595,641,011.80","934,167,774,215.00","859,383,637,728.90"
Turkmenistan,"2,904,662,604.80","3,534,771,968.50","4,462,028,988.70","5,977,440,582.80","6,838,351,088.50","8,104,355,716.90","10,277,598,152.40","12,664,165,103.20","19,271,523,178.80","20,214,385,964.90","22,583,157,894.70","29,233,333,333.30","35,164,210,526.30","39,197,543,859.60","43,524,210,526.30","35,799,628,571.40"
Turks and Caicos Islands,,,,,,,,,,,,,,,,
Tuvalu,"13,742,057.10","13,196,544.90","15,450,994.20","18,231,078.50","21,534,931.60","21,839,098.90","22,902,861.40","27,030,374.00","30,290,219.80","27,101,076.30","31,823,518.60","39,312,016.50","39,875,750.70","38,322,359.50","37,259,689.90","32,673,277.70"
Uganda,"6,193,246,837.10","5,840,503,868.60","6,178,563,590.90","6,336,696,289.00","7,940,362,799.20","9,013,834,373.40","9,942,597,780.00","12,292,813,603.20","14,239,026,629.60","21,203,769,124.70","20,179,411,062.90","20,508,595,015.50","23,516,083,900.40","24,879,053,946.90","27,927,875,335.80","27,856,380,083.20"
Ukraine,"31,261,527,363.10","38,009,344,576.60","42,392,896,031.20","50,132,953,288.20","64,883,060,725.70","86,142,018,069.40","107,753,069,306.90","142,719,009,901.00","179,992,405,832.30","117,227,769,791.60","136,013,155,905.00","163,159,671,670.30","175,781,379,051.40","183,310,146,378.10","133,503,411,375.70","91,030,959,454.70"
United Arab Emirates,"104,337,372,362.20","103,311,640,571.80","109,816,201,497.60","124,346,358,066.70","147,824,370,319.90","180,617,018,379.90","222,116,541,865.20","257,916,133,424.10","315,474,615,738.60","253,547,358,747.40","289,880,430,197.30","350,908,390,046.40","374,817,974,113.50","390,427,289,210.80","403,197,682,887.70","357,949,199,759.60"
United Kingdom,"1,635,441,065,214.10","1,613,034,403,339.60","1,757,571,942,446.00","2,028,488,163,265.30","2,389,004,027,828.60","2,508,103,636,363.60","2,678,277,828,886.80","3,063,005,202,080.80","2,875,463,235,294.10","2,367,127,278,392.30","2,429,680,444,512.60","2,608,824,654,243.60","2,646,002,634,059.60","2,719,509,472,492.70","2,998,833,559,195.70","2,861,090,726,739.60"
United States,"10,284,779,000,000.00","10,621,824,000,000.00","10,977,514,000,000.00","11,510,670,000,000.00","12,274,928,000,000.00","13,093,726,000,000.00","13,855,888,000,000.00","14,477,635,000,000.00","14,718,582,000,000.00","14,418,739,000,000.00","14,964,372,000,000.00","15,517,926,000,000.00","16,155,255,000,000.00","16,691,517,000,000.00","17,393,103,000,000.00","18,036,648,000,000.00"
Uruguay,"22,823,255,801.80","20,898,788,416.60","13,606,494,599.40","12,045,631,092.50","13,686,329,890.10","17,362,857,683.90","19,579,457,966.10","23,410,572,621.50","30,366,213,095.40","31,660,911,290.30","40,284,481,661.90","47,962,439,293.40","51,264,390,121.40","57,531,233,350.90","57,236,013,077.50","53,274,304,214.80"
Uzbekistan,"13,760,374,487.50","11,401,351,420.20","9,687,951,055.20","10,128,112,401.40","12,030,023,547.90","14,307,509,838.80","17,330,833,852.90","22,311,393,927.90","29,549,438,883.80","33,689,223,673.30","39,332,770,928.90","45,915,191,189.30","51,821,573,338.10","57,690,453,460.60","63,067,077,178.50","66,903,804,142.50"
Vanuatu,"272,014,693.10","257,926,881.70","262,603,781.80","314,463,144.00","364,996,869.10","394,962,552.30","439,376,794.10","526,428,309.90","607,958,616.10","610,066,628.70","700,804,286.20","792,149,700.70","781,702,874.10","801,787,555.90","814,954,307.00","742,432,131.00"
"Venezuela, RB","117,140,723,529.40","122,903,960,204.50","92,893,587,733.70","83,620,628,582.10","112,453,382,329.60","145,510,008,134.80","183,477,522,123.90","230,364,012,575.70","315,953,388,510.70","329,787,628,928.50","393,190,682,070.50","316,482,190,800.40","381,286,237,847.70","371,006,299,120.20",,
Vietnam,"33,640,085,738.60","35,291,349,197.40","37,947,904,054.50","42,717,072,869.40","49,424,107,709.90","57,633,255,618.30","66,371,664,817.00","77,414,425,532.20","99,130,304,099.10","106,014,601,171.00","115,931,749,697.20","135,539,487,317.00","155,820,001,920.50","171,222,025,117.40","186,204,652,922.30","193,241,108,709.50"
Virgin Islands (U.S.),,,"3,269,000,000.00","3,453,000,000.00","3,799,000,000.00","4,439,000,000.00","4,504,000,000.00","4,803,000,000.00","4,250,000,000.00","4,203,000,000.00","4,339,000,000.00","4,239,000,000.00","4,095,000,000.00","3,764,000,000.00","3,624,000,000.00","3,765,000,000.00"
West Bank and Gaza,"4,313,600,000.00","4,003,700,000.00","3,555,800,000.00","3,968,000,000.00","4,329,200,000.00","4,831,800,000.00","4,910,100,000.00","5,505,800,000.00","6,673,500,000.00","7,268,200,000.00","8,913,100,000.00","10,465,400,000.00","11,279,400,000.00","12,476,000,000.00","12,715,600,000.00","12,673,000,000.00"
"Yemen, Rep.","9,636,342,274.80","9,854,042,164.70","10,693,278,291.80","11,777,768,086.90","13,873,500,887.60","16,753,769,531.70","19,081,722,875.30","21,656,517,484.30","26,910,851,361.80","25,130,274,124.30","30,906,749,533.20","32,726,417,878.40","35,401,339,869.30","40,415,233,436.20","43,228,583,935.00","37,733,919,936.20"
Zambia,"3,600,683,039.70","4,094,480,988.10","4,193,845,678.20","4,901,839,731.30","6,221,077,674.80","8,331,870,169.10","12,756,858,899.30","14,056,957,976.30","17,910,858,637.90","15,328,342,304.00","20,265,556,273.60","23,460,098,339.70","25,503,370,699.20","28,045,460,442.20","27,150,630,607.20","21,154,394,545.90"
Zimbabwe,"6,689,957,600.00","6,777,384,700.00","6,342,116,400.00","5,727,591,800.00","5,805,598,400.00","5,755,215,200.00","5,443,896,500.00","5,291,950,100.00","4,415,702,800.00","8,366,794,000.00","10,052,045,200.00","12,071,733,500.00","14,058,378,300.00","15,223,528,900.00","15,834,069,900.00","16,072,380,200.00"